<?xml version="1.0" encoding="UTF-8"?>
<feature
        id="org.jkiss.dbeaver.ce.feature"
        label="%featureName"
        version="7.3.4.202101311042"
        provider-name="%providerName"
        plugin="org.jkiss.dbeaver.ui.app.standalone">

    <description>
        %description
    </description>

    <copyright>
        %copyright
    </copyright>

    <license url="%licenseURL">
        %license
    </license>

    <url>

    </url>

    <includes id="org.jkiss.dbeaver.standalone.feature" version="7.3.4.202101311042"/>

    <plugin id="org.jkiss.dbeaver.ui.app.standalone" download-size="203" install-size="860" version="7.3.4.202101311042"/>

</feature>
